{
	"credit": "Made with Blockbench",
	"texture_size": [32, 32],
	"textures": {
		"0": "block/color/9mm_AP",
		"particle": "block/color/9mm_AP"
	},
	"elements": [
		{
			"from": [7, 7, 9],
			"to": [9, 8.75, 12],
			"rotation": {"angle": 0, "axis": "y", "origin": [7, 7, 9]},
			"faces": {
				"north": {"uv": [8, 6.5, 9, 7.5], "texture": "#0"},
				"east": {"uv": [5, 4, 6.5, 5], "texture": "#0"},
				"south": {"uv": [2, 8.5, 3, 9.5], "texture": "#0"},
				"west": {"uv": [5, 5, 6.5, 6], "texture": "#0"},
				"up": {"uv": [1, 7.5, 0, 6], "texture": "#0"},
				"down": {"uv": [7, 0, 6, 1.5], "texture": "#0"}
			}
		},
		{
			"from": [7, 7, 1],
			"to": [9, 9, 9],
			"rotation": {"angle": 0, "axis": "y", "origin": [7, 7, 1]},
			"faces": {
				"north": {"uv": [3, 8.5, 4, 9.5], "texture": "#0"},
				"east": {"uv": [0, 0, 4, 1], "texture": "#0"},
				"south": {"uv": [8.5, 3.5, 9.5, 4.5], "texture": "#0"},
				"west": {"uv": [0, 1, 4, 2], "texture": "#0"},
				"up": {"uv": [1, 6, 0, 2], "texture": "#0"},
				"down": {"uv": [2, 2, 1, 6], "texture": "#0"}
			}
		},
		{
			"from": [7.75, 9, 2],
			"to": [8.25, 9.5, 3],
			"rotation": {"angle": 0, "axis": "y", "origin": [7, 7.5, 1]},
			"faces": {
				"north": {"uv": [9.5, 15.75, 9.75, 16], "texture": "#0"},
				"east": {"uv": [14.25, 7.25, 14.75, 7.5], "texture": "#0"},
				"south": {"uv": [15, 10.75, 15.25, 11], "texture": "#0"},
				"west": {"uv": [15.5, 15.25, 16, 15.5], "texture": "#0"},
				"up": {"uv": [15.75, 16, 15.5, 15.5], "texture": "#0"},
				"down": {"uv": [16, 15.5, 15.75, 16], "texture": "#0"}
			}
		},
		{
			"from": [7, 4, 1],
			"to": [9, 7, 3],
			"rotation": {"angle": 0, "axis": "y", "origin": [7, 5, 1]},
			"faces": {
				"north": {"uv": [1, 6, 2, 7.5], "texture": "#0"},
				"east": {"uv": [6, 1.5, 7, 3], "texture": "#0"},
				"south": {"uv": [5, 6, 6, 7.5], "texture": "#0"},
				"west": {"uv": [6, 6, 7, 7.5], "texture": "#0"},
				"up": {"uv": [6, 9.5, 5, 8.5], "texture": "#0"},
				"down": {"uv": [7, 8.5, 6, 9.5], "texture": "#0"}
			}
		},
		{
			"from": [7.125, 5.5, 3],
			"to": [8.875, 7, 7],
			"rotation": {"angle": 0, "axis": "y", "origin": [7.125, 5, 3]},
			"faces": {
				"north": {"uv": [9, 7.5, 10, 8.25], "texture": "#0"},
				"east": {"uv": [6, 3, 8, 3.75], "texture": "#0"},
				"south": {"uv": [9, 8.5, 10, 9.25], "texture": "#0"},
				"west": {"uv": [6.5, 4, 8.5, 4.75], "texture": "#0"},
				"up": {"uv": [5, 6.5, 4, 4.5], "texture": "#0"},
				"down": {"uv": [6, 2, 5, 4], "texture": "#0"}
			}
		},
		{
			"from": [7.125, 6, 13],
			"to": [8.875, 7, 15],
			"rotation": {"angle": 0, "axis": "y", "origin": [7.125, 5, 13]},
			"faces": {
				"north": {"uv": [7, 2.5, 8, 3], "texture": "#0"},
				"east": {"uv": [2, 9.5, 3, 10], "texture": "#0"},
				"south": {"uv": [9.5, 2, 10.5, 2.5], "texture": "#0"},
				"west": {"uv": [9.5, 2.5, 10.5, 3], "texture": "#0"},
				"up": {"uv": [8, 9.5, 7, 8.5], "texture": "#0"},
				"down": {"uv": [9, 8.5, 8, 9.5], "texture": "#0"}
			}
		},
		{
			"from": [7.125, 6, 7],
			"to": [8.875, 7, 10],
			"rotation": {"angle": 0, "axis": "y", "origin": [7.125, 5, 7]},
			"faces": {
				"north": {"uv": [3, 9.5, 4, 10], "texture": "#0"},
				"east": {"uv": [9.5, 0, 11, 0.5], "texture": "#0"},
				"south": {"uv": [9.5, 3, 10.5, 3.5], "texture": "#0"},
				"west": {"uv": [9.5, 0.5, 11, 1], "texture": "#0"},
				"up": {"uv": [5, 8, 4, 6.5], "texture": "#0"},
				"down": {"uv": [8, 0, 7, 1.5], "texture": "#0"}
			}
		},
		{
			"from": [8, 4, 7],
			"to": [8, 6, 11],
			"rotation": {"angle": 0, "axis": "y", "origin": [7.125, 4, 7]},
			"faces": {
				"north": {"uv": [0, 0, 0, 1], "texture": "#0"},
				"east": {"uv": [4, 0, 6, 1], "texture": "#0"},
				"south": {"uv": [0, 0, 0, 1], "texture": "#0"},
				"west": {"uv": [4, 1, 6, 2], "texture": "#0"},
				"up": {"uv": [0, 2, 0, 0], "texture": "#0"},
				"down": {"uv": [0, 0, 0, 2], "texture": "#0"}
			}
		},
		{
			"from": [6.975, 4.975, 9.975],
			"to": [9.025, 7.025, 13.025],
			"rotation": {"angle": 0, "axis": "y", "origin": [7, 5, 10]},
			"faces": {
				"north": {"uv": [0, 9, 1, 10], "texture": "#0"},
				"east": {"uv": [6.5, 5, 8, 6], "texture": "#0"},
				"south": {"uv": [9, 4.5, 10, 5.5], "texture": "#0"},
				"west": {"uv": [7, 1.5, 8.5, 2.5], "texture": "#0"},
				"up": {"uv": [3, 8.5, 2, 7], "texture": "#0"},
				"down": {"uv": [4, 7, 3, 8.5], "texture": "#0"}
			}
		},
		{
			"from": [7, 0, 10],
			"to": [9, 5, 13],
			"rotation": {"angle": -22.5, "axis": "x", "origin": [7, 5, 10]},
			"faces": {
				"north": {"uv": [2, 4.5, 3, 7], "texture": "#0"},
				"east": {"uv": [2, 2, 3.5, 4.5], "texture": "#0"},
				"south": {"uv": [3, 4.5, 4, 7], "texture": "#0"},
				"west": {"uv": [3.5, 2, 5, 4.5], "texture": "#0"},
				"up": {"uv": [8, 7.5, 7, 6], "texture": "#0"},
				"down": {"uv": [1, 7.5, 0, 9], "texture": "#0"}
			}
		},
		{
			"from": [7.25, 4, 3],
			"to": [8.75, 5.5, 7],
			"rotation": {"angle": 0, "axis": "y", "origin": [7.25, 3.5, 3]},
			"faces": {
				"north": {"uv": [1, 9.5, 1.75, 10.25], "texture": "#0"},
				"east": {"uv": [5, 7.5, 7, 8.25], "texture": "#0"},
				"south": {"uv": [9.5, 1, 10.25, 1.75], "texture": "#0"},
				"west": {"uv": [7, 7.5, 9, 8.25], "texture": "#0"},
				"up": {"uv": [1.75, 9.5, 1, 7.5], "texture": "#0"},
				"down": {"uv": [4.75, 8, 4, 10], "texture": "#0"}
			}
		},
		{
			"from": [7, 7, 12],
			"to": [9, 9, 15],
			"rotation": {"angle": 0, "axis": "y", "origin": [7, 7, 12]},
			"faces": {
				"north": {"uv": [9, 5.5, 10, 6.5], "texture": "#0"},
				"east": {"uv": [8, 0, 9.5, 1], "texture": "#0"},
				"south": {"uv": [9, 6.5, 10, 7.5], "texture": "#0"},
				"west": {"uv": [8, 2.5, 9.5, 3.5], "texture": "#0"},
				"up": {"uv": [9, 6.5, 8, 5], "texture": "#0"},
				"down": {"uv": [9.5, 1, 8.5, 2.5], "texture": "#0"}
			}
		}
	],
	"display": {
		"thirdperson_righthand": {
			"translation": [0, 1.75, 0],
			"scale": [0.75, 0.75, 0.75]
		},
		"thirdperson_lefthand": {
			"translation": [0, 1.75, 0],
			"scale": [0.75, 0.75, 0.75]
		},
		"firstperson_righthand": {
			"rotation": [10.5, 0, 0],
			"translation": [0, 1.75, 0],
			"scale": [0.75, 0.75, 0.75]
		},
		"firstperson_lefthand": {
			"rotation": [10.5, 0, 0],
			"translation": [0, 1.75, 0],
			"scale": [0.75, 0.75, 0.75]
		},
		"ground": {
			"rotation": [0, 0, 90]
		},
		"fixed": {
			"rotation": [90, -120, 90]
		}
	},
	"groups": [
		{
			"name": "group",
			"origin": [7, 7, 11],
			"color": 0,
			"children": [0, 1, 2, 3, 4, 5, 6, 7, 8, 9, 10, 11]
		}
	]
}